{"cameraMode":{"drawMode":0,"name":"Shaded","section":"Shading Mode"},"sceneLighting":false,"audioPlay":false,"sceneViewState":{"showFog":true,"showMaterialUpdate":true,"showSkybox":false,"showFlares":true,"showImageEffects":true,"showParticleSystems":true,"showVisualEffectGraphs":true,"m_FxEnabled":true},"in2DMode":false,"pivot":{"x":-1.0216522216796876,"y":0.31737029552459719,"z":0.1850205659866333},"rotation":{"x":0.07160340994596482,"y":-0.8287227153778076,"z":0.10902729630470276,"w":0.5442650318145752},"size":1.0924186706542969,"orthographic":false}