{"cameraMode":{"drawMode":0,"name":"Shaded","section":"Shading Mode"},"sceneLighting":true,"audioPlay":false,"sceneViewState":{"showFog":true,"showMaterialUpdate":true,"showSkybox":true,"showFlares":true,"showImageEffects":true,"showParticleSystems":true,"showVisualEffectGraphs":true,"m_FxEnabled":true},"in2DMode":false,"pivot":{"x":1.8529353141784669,"y":2.1856167316436769,"z":1.7197914123535157},"rotation":{"x":-0.12816429138183595,"y":0.48211172223091128,"z":-0.07153718918561936,"w":-0.8637304306030273},"size":4.22474479675293,"orthographic":false}