{"cameraMode":{"drawMode":0,"name":"Shaded","section":"Shading Mode"},"sceneLighting":false,"audioPlay":false,"sceneViewState":{"showFog":true,"showMaterialUpdate":true,"showSkybox":false,"showFlares":true,"showImageEffects":true,"showParticleSystems":true,"showVisualEffectGraphs":true,"m_FxEnabled":true},"in2DMode":false,"pivot":{"x":0.11392627656459809,"y":0.12622901797294618,"z":0.10105928778648377},"rotation":{"x":-0.07866554707288742,"y":0.7427683472633362,"z":-0.08866406232118607,"w":-0.6589847803115845},"size":0.10199332237243653,"orthographic":false}